,engel_outcomes_12m,engel_outcomes_24m,spike_rate_corr,pt_id,rise_amp_corr,decay_amp_corr,sharpness_corr,linelen_corr,recruitment_latency_thresh_corr,spike_width_corr,slow_width_corr,slow_amp_corr,correlation
0,1.0,1.0,-0.9060200440563926,126,-0.9045647753195384,-0.9406759523553884,-0.9413960637976028,-0.9038800252874843,0.6327451153673833,0.3779644730092271,0.6390836227156338,-0.6193856945164,0.0660131811808011
1,0.0,0.0,-0.8196643487493717,135,-0.6219583228352396,-0.5344453129742047,-0.8293763753183713,-0.5198575062932413,0.3173022341093916,0.3916104376121037,-0.4014975513201732,-0.3413167879403326,0.4672063034974199
2,0.0,0.0,-0.7957482321057412,138,-0.5984314989483572,-0.6159660116994535,-0.593317072180388,-0.6460567318535338,-0.4516212192765704,0.726106914842539,-0.6896883020549407,-0.70322247649876,-0.6212975327774398
3,1.0,1.0,-0.2058835062696429,140,0.2203716022713426,0.3798158288721179,0.6621227976908354,0.1839254661931572,-0.1479878222609746,-0.2643584180566246,-0.6624176992249449,-0.2853187317522849,-0.0516124357095037
4,0.0,1.0,-0.8985549473417608,141,-0.8073546424930776,-0.2660348449573492,-0.8706911986014654,-0.3255317782543402,0.9087176597398532,0.9022901270866222,0.7002100757048663,0.4626897560197051,-0.8992160291256246
5,0.0,0.0,-0.9276349937316204,142,-0.887954947112753,-0.8979440267353305,-0.8341680211721563,-0.8792977884752969,-0.6290678287300271,-0.890243046181926,0.8909334435263112,-0.6477436925393542,-0.3053594734124875
6,0.0,0.0,0.065247277285295,161,-0.3201373685287768,-0.0463606125656259,0.6369609218913425,-0.284945754123606,-0.5100856878182142,-0.6652082344854834,-0.6963697052104066,-0.7402527224744855,0.7505214150278685
7,0.0,0.0,-0.925013366380138,162,-0.2972005431249019,0.05060158494869,0.1505689696178195,0.1266896479935767,0.7999007889706419,0.0040124237923658,0.2637143492192784,0.2792953897510731,-0.1311942810098184
8,0.0,0.0,-0.8809046199693132,163,-0.8893164566366978,-0.905046306368098,-0.6951405591853279,-0.7965278741762251,0.6549111324512598,-0.7040845594102881,-0.4032197836505201,-0.7181929192916112,0.0428378177670149
9,0.0,0.0,-0.844233294328671,165,-0.0842676496209869,-0.4196499377786217,0.0304265013715299,-0.1529114474338259,0.0919743586703981,-0.2868297261448543,-0.8960386253005777,-0.555313416645465,0.6833333823628659
10,0.0,0.0,-0.8193222481262555,181,-0.7628942412243712,0.0495390891096178,-0.7686804434816658,-0.0500441265851663,0.933962955951934,0.7397916608793611,0.6517278791243863,0.584290365560622,-0.2291882004882066
11,1.0,1.0,-0.2927658557766954,185,-0.1759611038363427,-0.1658158480517727,-0.3011062444444999,-0.2242008924140406,0.4371182913734438,0.5360202648151597,0.8443785210312118,-0.1592513630811592,-0.8909211077435781
12,1.0,0.0,-0.8686821618086404,187,-0.9355905967322504,-0.9539258269063992,-0.92043425234139,-0.93543800432369,0.2853186729551714,0.1701319951393736,-0.1964420775864752,-0.9185943154288488,-0.8196863246148949
13,0.0,0.0,-0.6560295164540764,204,-0.681559637235216,-0.6878246369023581,-0.4744370353051599,-0.6965388884911156,-0.2150517960683292,-0.6695794207096389,-0.7983814520343854,-0.753124324948217,-0.8962672483681543
14,1.0,1.0,-0.8866461052078367,207,-0.6309467573977827,-0.2225264992163002,-0.7051787573139483,-0.2225186278033077,0.2173055127629027,0.6840878829932125,0.8716159052033213,0.2166018222283851,0.3521676322522776
15,1.0,1.0,-0.3189589763662674,215,-0.843514655607376,-0.8602768853393157,-0.7727503269057305,-0.8614312360534909,0.6568318460991154,-0.7150747752770716,0.0473082100341786,-0.8106654453798287,-0.4429159886755376
16,1.0,0.0,-0.9248455225558684,218,-0.8307986798584215,-0.7716092307540656,-0.7755956893929109,-0.813940799882324,-0.3302190199518511,-0.3763861283650034,-0.5285332807902736,-0.8921291734839916,-0.8597127037288581
17,0.0,0.0,-0.9222566265616132,219,-0.7245262659385329,-0.6841320469084122,-0.7414290710556568,-0.5909890211418023,0.4839371474019427,-0.2230146091195984,0.6561046756252906,-0.1334328760183594,0.5090218196595574
18,1.0,1.0,-0.848177849002611,221,-0.6916502793353022,-0.6735814352258434,-0.6790880386124991,-0.6828520521257755,-0.0308312719534611,0.1987929096169421,0.8109397079163876,-0.2679250885556132,0.0560788017170044
19,1.0,1.0,-0.876787390700314,223,-0.805531687116548,-0.8100160756521142,-0.8358393780755251,-0.7924431080255505,0.6981998543265804,-0.4351683115774092,0.5624104120423579,-0.6249520387783304,-0.7268402448878645
